id;first_name;last_name;gender;email;phone;address_line_1;address_line_2;city;country
1;Hassie;Krajcik;MALE;">q(\k7@&,<.M?[";1-599-548-0100 x515;bony kindheartedly;scare indeed vamoose;West Nicoton;Rwanda
2;Mose;Little;MALE;"t@p2,#u.I";546.310.1484;traduce;towards brr throughout;South Willy;Tonga
3;Greg;Wisozk;MALE;"j@g?].8$>%'s";792.291.8029 x00185;energetically why really;indelible reorganisation yet;Blickside;Seychelles
4;Eldridge;Trantow;OTHER;"H_@zV.7";993.779.1659 x7453;mask;that;Goyettetown;Kuwait
5;Amanda;Runolfsdottir;OTHER;"'Xes@qPW$.{";1-414-415-4625 x6981;competent or;slump urban;West Kimberlyboro;San Marino
6;Orlo;Spinka;FEMALE;"SZRN:B@<f.8+4i";720-404-7499 x6203;till;whereas;West Ian;Zambia
7;Deondre;Green;OTHER;"i@l\.%UMm";944.635.7147 x08182;afford phew;around yippee;Hackettworth;Paraguay
8;Gladys;Parisian;OTHER;"YSGK|@gpoIP.<";1-409-812-0748 x54686;frightened institute thread;exotic yowza slope;North Arieltown;Malaysia
9;Emely;Goodwin;OTHER;",0@x'iH.Cds~nQ";630-758-8389 x10210;woot;cheerfully;Walterchester;Taiwan
10;Jermaine;Goyette;FEMALE;"<@0CV.^";380.277.6302 x6288;at;improbable brr;Beavercreek;Nigeria
